{"chunk_definitions":[{"chunk_id":"cf8nrf632ypy0","expansion_state":0,"options":[],"row":22,"row_count":1,"visible":true},{"chunk_id":"ce8wu1qcg61l2","expansion_state":0,"options":[],"row":37,"row_count":1,"visible":true},{"chunk_id":"ceu6kw6gfb945","expansion_state":0,"options":[],"row":49,"row_count":1,"visible":true},{"chunk_id":"cf6othqottrn9","expansion_state":0,"options":[],"row":69,"row_count":1,"visible":true},{"chunk_id":"c6ad4nfeajzts","expansion_state":0,"options":[],"row":78,"row_count":1,"visible":true},{"chunk_id":"ch2umky2vrh3j","expansion_state":0,"options":[],"row":88,"row_count":1,"visible":true},{"chunk_id":"clwm2o1yry8yj","expansion_state":0,"options":[],"row":98,"row_count":1,"visible":true},{"chunk_id":"cd6uw55kckk9n","expansion_state":0,"options":[],"row":121,"row_count":1,"visible":true},{"chunk_id":"cmig34zscermh","expansion_state":0,"options":[],"row":131,"row_count":1,"visible":true}],"doc_write_time":1570672831.64559}
