"0","# inspect OrdwaySpeciesNames"
"0","glimpse(OrdwaySpeciesNames)"
"1","Observations: 265
"
"1","Variables: 2
"
"1","$ SpeciesName        [3m[38;5;246m<chr>[39m[23m """", ""-lost-"", ""-missing-"", ""[Nothing, just dashes]"", ""13:00:00…
"
"1",""
"1","$ SpeciesNameCleaned [3m[38;5;246m<chr>[39m[23m NA, NA, NA, NA, NA, ""Acadian Flycatcher"", ""American Goldfinch""…
"
"0","# inner join"
"0","Corrected<-"
"0","  OrdwayBirds%>%"
"0","  inner_join(OrdwaySpeciesNames)%>%"
"0","  select(Species = SpeciesNameCleaned,Month,Day)%>%"
"0","  na.omit()"
"2","Joining, by = ""SpeciesName""
"
"0","# inspect the data after the join"
"0","glimpse(Corrected)"
"1","Observations: 15,144
"
"1","Variables: 3
"
"1","$ Species [3m[38;5;246m<chr>[39m[23m ""Song Sparrow"", ""Song Sparrow"", ""Field Sparrow"", ""Field Sparrow"", ""Field …
"
"1",""
"1","$ Month   [3m[38;5;246m<dbl>[39m[23m 7, 7, 7, 7, 7, 7, 7, 7, 7, 7, 7, 7, 7, 7, 7, 7, 7, 7, 7, 7, 7, 7, 7, 7, 7…
"
"1",""
"1","$ Day     [3m[38;5;246m<dbl>[39m[23m 16, 16, 16, 16, 16, 16, 16, 16, 16, 16, 16, 16, 18, 18, 18, 18, 18, 18, 1…
"
