{"chunk_definitions":[{"chunk_id":"cfc1nzkhjv9hx","chunk_label":"unnamed-chunk-1","document_id":"5CDB84DD","expansion_state":0,"options":{"engine":"r","label":"unnamed-chunk-2"},"row":16,"row_count":1,"visible":true},{"chunk_id":"c8o7x2sc1r9ct","chunk_label":"unnamed-chunk-2","document_id":"5CDB84DD","expansion_state":0,"options":{"engine":"r","label":"unnamed-chunk-3"},"row":23,"row_count":1,"visible":true},{"chunk_id":"c1u21rubrkpe0","chunk_label":"unnamed-chunk-3","document_id":"5CDB84DD","expansion_state":0,"options":{"engine":"r","label":"unnamed-chunk-4"},"row":33,"row_count":1,"visible":true},{"chunk_id":"c6ot26jsuerbx","chunk_label":"unnamed-chunk-4","document_id":"5CDB84DD","expansion_state":0,"options":{"engine":"r","label":"unnamed-chunk-5"},"row":36,"row_count":1,"visible":true},{"chunk_id":"clcnaadkcrfyb","chunk_label":"unnamed-chunk-5","document_id":"5CDB84DD","expansion_state":0,"options":{"engine":"r","label":"unnamed-chunk-6"},"row":39,"row_count":1,"visible":true},{"chunk_id":"ci8mr4niy08gu","chunk_label":"unnamed-chunk-6","document_id":"5CDB84DD","expansion_state":0,"options":{"engine":"r","label":"unnamed-chunk-2"},"row":77,"row_count":1,"visible":true}],"doc_write_time":1570491221}