{"chunk_definitions":[{"chunk_id":"crpfu3yd4u6lv","chunk_label":"unnamed-chunk-1","document_id":"F68243B7","expansion_state":0,"options":{"engine":"r","label":"unnamed-chunk-10"},"row":18,"row_count":1,"visible":true},{"chunk_id":"cwvyoz6pomuly","chunk_label":"unnamed-chunk-2","document_id":"F68243B7","expansion_state":0,"options":{"engine":"r","label":"unnamed-chunk-11"},"row":30,"row_count":1,"visible":true},{"chunk_id":"cb1qm4fdnjdav","chunk_label":"unnamed-chunk-3","document_id":"F68243B7","expansion_state":0,"options":{"engine":"r","label":"unnamed-chunk-12"},"row":37,"row_count":1,"visible":true},{"chunk_id":"clwycjujo0m7d","chunk_label":"unnamed-chunk-4","document_id":"F68243B7","expansion_state":0,"options":{"engine":"r","label":"unnamed-chunk-13"},"row":44,"row_count":1,"visible":true},{"chunk_id":"cxxncilgia9vd","chunk_label":"unnamed-chunk-5","document_id":"F68243B7","expansion_state":0,"options":{"engine":"r","label":"unnamed-chunk-14"},"row":56,"row_count":1,"visible":true},{"chunk_id":"cuwvmwneg5kww","chunk_label":"unnamed-chunk-6","document_id":"F68243B7","expansion_state":0,"options":{"engine":"r","label":"unnamed-chunk-15"},"row":64,"row_count":1,"visible":true},{"chunk_id":"c5nj06kzj1w54","chunk_label":"unnamed-chunk-7","document_id":"F68243B7","expansion_state":0,"options":{"engine":"r","label":"unnamed-chunk-16"},"row":78,"row_count":1,"visible":true}],"doc_write_time":1573790504}