"0","data(""BabyNames"")"
"0","PopularCounts<-"
"0","  BabyNames%>%"
"0","  group_by(year,name)%>%"
"0","  summarise(value=sum(count))%>%"
"0","  mutate(rank=rank(desc(value)))%>%"
"0","  arrange(year,rank)%>%"
"0","  mutate(frac_in_top_100=ifelse(rank<=100,TRUE,FALSE))%>%"
"0","  group_by(year,frac_in_top_100)%>%"
"0","  summarise(total=sum(value))%>%"
"0","  arrange(year)"
"0","GlyphReady<-"
"0","  PopularCounts%>%"
"0","  spread(frac_in_top_100,total)"
"0","GlyphReady$frac_in_top_100 <- GlyphReady$'TRUE' / (GlyphReady$'FALSE'+GlyphReady$'TRUE')"
"0","GlyphReady%>%"
"0","  ggplot(aes(x=year,y=frac_in_top_100))+"
"0","  geom_line()"
