"0","# Get the data table & clean up dates (see Data Computing eBook)"
"0","OrdwayBirds<-"
"0","  OrdwayBirds%>%"
"0","  select(SpeciesName,Month,Day)%>%"
"0","  mutate(Month = as.numeric(as.character(Month)),"
"0","         Day = as.numeric(as.character(Day)))"
"0","# Inspect resulting data"
"0","glimpse(OrdwayBirds)"
"1","Observations: 15,829
"
"1","Variables: 3
"
"1","$ SpeciesName [3m[38;5;246m<chr>[39m[23m ""Song Sparrow"", """", ""Song Sparrow"", ""Field Sparrow"", ""Field Sparrow"",…
"
"1",""
"1","$ Month       [3m[38;5;246m<dbl>[39m[23m 7, NA, 7, 7, 7, 7, 7, 7, 7, 7, 7, 7, 7, 7, 7, 7, 7, 7, 7, 7, 7, 7, 7,…
"
"1",""
"1","$ Day         [3m[38;5;246m<dbl>[39m[23m 16, NA, 16, 16, 16, 16, 16, 16, 16, 16, 17, 18, 18, 18, 18, 18, 18, 1…
"
