{"chunk_definitions":[{"chunk_id":"csetup_chunk","chunk_label":"setup","document_id":"6738B332","expansion_state":0,"options":{"engine":"r","include":false,"label":"setup"},"row":10,"row_count":1,"visible":true},{"chunk_id":"cwytred8y9ch4","chunk_label":"unnamed-chunk-1","document_id":"6738B332","expansion_state":0,"options":{"engine":"r","label":"unnamed-chunk-2"},"row":16,"row_count":1,"visible":true},{"chunk_id":"c7d7rhf9nfbgc","chunk_label":"unnamed-chunk-2","document_id":"6738B332","expansion_state":0,"options":{"engine":"r","label":"unnamed-chunk-5","results":"hide"},"row":25,"row_count":1,"visible":true},{"chunk_id":"cjxu04m8199tc","chunk_label":"unnamed-chunk-3","document_id":"6738B332","expansion_state":0,"options":{"engine":"r","label":"unnamed-chunk-6"},"row":32,"row_count":1,"visible":true},{"chunk_id":"c275t9vbybskv","chunk_label":"unnamed-chunk-4","document_id":"6738B332","expansion_state":0,"options":{"engine":"r","label":"unnamed-chunk-7"},"row":48,"row_count":1,"visible":true},{"chunk_id":"c70ijnxc7ql7k","chunk_label":"unnamed-chunk-5","document_id":"6738B332","expansion_state":0,"options":{"engine":"r","label":"unnamed-chunk-14"},"row":61,"row_count":1,"visible":true},{"chunk_id":"c46ghe7pq0dfc","chunk_label":"unnamed-chunk-6","document_id":"6738B332","expansion_state":0,"options":{"engine":"r","label":"unnamed-chunk-5"},"row":72,"row_count":1,"visible":true},{"chunk_id":"ce3mu23qacz3f","chunk_label":"unnamed-chunk-7","document_id":"6738B332","expansion_state":0,"options":{"engine":"r","label":"unnamed-chunk-17"},"row":86,"row_count":1,"visible":true},{"chunk_id":"c9yke5hbi7e4w","chunk_label":"unnamed-chunk-8","document_id":"6738B332","expansion_state":0,"options":{"engine":"r","label":"unnamed-chunk-7"},"row":97,"row_count":1,"visible":true}],"chunk_rendered_width":700,"default_chunk_options":{"echo":true},"doc_write_time":1576022795,"working_dir":null}