{"chunk_definitions":[{"chunk_id":"cw0f88qwr76ow","chunk_label":"unnamed-chunk-1","document_id":null,"expansion_state":0,"options":{"engine":"r","label":"unnamed-chunk-24"},"row":20,"row_count":1,"visible":true},{"chunk_id":"c3gmynf2jubad","chunk_label":"unnamed-chunk-2","document_id":"FC54345","expansion_state":0,"options":{"engine":"r","label":"unnamed-chunk-37"},"row":31,"row_count":1,"visible":true},{"chunk_id":"cfcjmftby7l02","chunk_label":"unnamed-chunk-3","document_id":"FC54345","expansion_state":0,"options":{"engine":"r","label":"unnamed-chunk-44"},"row":48,"row_count":1,"visible":true}],"doc_write_time":1569720717}