{"chunk_definitions":[{"chunk_id":"cbl9xqibjb3ri","chunk_label":"unnamed-chunk-1","document_id":"9255852B","expansion_state":0,"options":{"engine":"r","label":"unnamed-chunk-2"},"row":21,"row_count":1,"visible":true},{"chunk_id":"cjiszwhcayeyg","chunk_label":"unnamed-chunk-2","document_id":"9255852B","expansion_state":0,"options":{"engine":"r","label":"unnamed-chunk-6"},"row":51,"row_count":1,"visible":true},{"chunk_id":"cmqrolxmwcrq5","chunk_label":"unnamed-chunk-3","document_id":"9255852B","expansion_state":0,"options":{"engine":"r","label":"unnamed-chunk-7"},"row":62,"row_count":1,"visible":true},{"chunk_id":"c3745enbhyiza","chunk_label":"unnamed-chunk-4","document_id":"9255852B","expansion_state":0,"options":{"engine":"r","label":"unnamed-chunk-8"},"row":74,"row_count":1,"visible":true},{"chunk_id":"c2x9s6c8f30nm","chunk_label":"unnamed-chunk-5","document_id":"9255852B","expansion_state":0,"options":{"engine":"r","label":"unnamed-chunk-9"},"row":85,"row_count":1,"visible":true},{"chunk_id":"cvdl06pbkfu4c","chunk_label":"unnamed-chunk-6","document_id":"9255852B","expansion_state":0,"options":{"engine":"r","label":"unnamed-chunk-10"},"row":95,"row_count":1,"visible":true}],"chunk_rendered_width":696,"doc_write_time":1571205620}