"0","data(""NCHS"")"
"0","CompleteCases<-"
"0","  NCHS%>%"
"0","  select(diabetic,weight,age,bmi,chol,smoker)%>%"
"0","  na.omit()"
"0","mod1<-"
"0","  party::ctree("
"0","    diabetic ~ weight + chol,"
"0","    data=CompleteCases)"
"0","CompleteCases%>%"
"0","  mutate(probability=as.numeric(predict(mod1)),"
"0","         likelihood="
"0","           ifelse(diabetic,"
"0","                  probability,"
"0","                  1-probability))%>%"
"0","  summarise(log_likelihood=sum(log(likelihood)))"
