"0","SpinnerA<-c(""Penny"", ""Penny"", ""Penny"", ""Penny"",""Nickel"", ""Nickel"")"
"0","nsim=100000"
"0","pennyWins <- rep(NA, nsim)"
"0","PennyOutcome<-0"
"0","NickelOutcome<-0"
"0","for (x in pennyWins){"
"0","  Penny<-0"
"0","  Nickel<-0"
"0","  while(Penny<5&&Nickel<5){"
"0","  results<-sample(SpinnerA,1)"
"0","  if(results==""Penny""){"
"0","    Penny=Penny+1"
"0","  }"
"0","  else{"
"0","    Nickel=Nickel+1"
"0","  }"
"0","  if(Penny==5){"
"0","    PennyOutcome=PennyOutcome+1"
"0","  }"
"0","  else if(Nickel==5){"
"0","    NickelOutcome=NickelOutcome+1"
"0","  }"
"0","  }"
"0","}"
"0","proportion=PennyOutcome/(PennyOutcome+NickelOutcome)"
"0","proportion"
"1","[1]"
"1"," 0.85436"
"1","
"
