{"chunk_definitions":[{"chunk_id":"cy6jbumfyybiz","chunk_label":"unnamed-chunk-1","document_id":"FEF4822F","expansion_state":0,"options":{"engine":"r","label":"unnamed-chunk-49"},"row":13,"row_count":1,"visible":true},{"chunk_id":"cllrdjz1n2nko","chunk_label":"unnamed-chunk-2","document_id":"FEF4822F","expansion_state":0,"options":{"engine":"r","label":"unnamed-chunk-13"},"row":145,"row_count":1,"visible":true},{"chunk_id":"chocoa16tsqqy","chunk_label":"unnamed-chunk-3","document_id":"FEF4822F","expansion_state":0,"options":{"engine":"r","label":"unnamed-chunk-12"},"row":167,"row_count":1,"visible":true},{"chunk_id":"c9wrp2rzo1hc0","chunk_label":"unnamed-chunk-4","document_id":"FEF4822F","expansion_state":0,"options":{"engine":"r","label":"unnamed-chunk-54"},"row":181,"row_count":1,"visible":true}],"doc_write_time":1575412102}