{"chunk_definitions":[{"chunk_id":"cs6boy0kga9zp","expansion_state":0,"options":[],"row":22,"row_count":1,"visible":true},{"chunk_id":"c2ek6t5gx9v6n","expansion_state":0,"options":[],"row":50,"row_count":1,"visible":true},{"chunk_id":"cmj7flrkq6z88","expansion_state":0,"options":[],"row":59,"row_count":1,"visible":true},{"chunk_id":"c4m6whr4kuk39","expansion_state":0,"options":[],"row":66,"row_count":1,"visible":true},{"chunk_id":"cj8it6g36rm30","expansion_state":0,"options":[],"row":72,"row_count":1,"visible":true},{"chunk_id":"cb4nyadovbwmz","expansion_state":0,"options":[],"row":78,"row_count":1,"visible":true},{"chunk_id":"co2eg4b7wtlj3","expansion_state":0,"options":[],"row":87,"row_count":1,"visible":true},{"chunk_id":"co8y0a4k8kzz0","expansion_state":0,"options":[],"row":96,"row_count":1,"visible":true},{"chunk_id":"c5xth5lyqb9p6","expansion_state":0,"options":[],"row":115,"row_count":1,"visible":true},{"chunk_id":"cf6dq7zlz7m7d","expansion_state":0,"options":[],"row":124,"row_count":1,"visible":true},{"chunk_id":"cgh55axvlhhdo","expansion_state":0,"options":[],"row":134,"row_count":1,"visible":true},{"chunk_id":"c2fksp5rm3tzq","expansion_state":0,"options":[],"row":146,"row_count":1,"visible":true},{"chunk_id":"cvohpy1h5hrlj","expansion_state":0,"options":[],"row":158,"row_count":1,"visible":true},{"chunk_id":"cr7cnd3etod18","expansion_state":0,"options":[],"row":167,"row_count":1,"visible":true},{"chunk_id":"c9mf51j6gen7u","expansion_state":0,"options":[],"row":177,"row_count":1,"visible":true},{"chunk_id":"c3zjep72rnopv","expansion_state":0,"options":[],"row":187,"row_count":1,"visible":true}],"doc_write_time":1570661909.60494}
