{"chunk_definitions":[{"chunk_id":"crsbr4tae8dkm","chunk_label":"unnamed-chunk-1","document_id":"B546FEC1","expansion_state":0,"options":{"engine":"r","label":"unnamed-chunk-1"},"row":24,"row_count":1,"visible":true},{"chunk_id":"ccydez6qp88ov","chunk_label":"unnamed-chunk-2","document_id":"B546FEC1","expansion_state":0,"options":{"engine":"r","label":"unnamed-chunk-2"},"row":45,"row_count":1,"visible":true},{"chunk_id":"c06d4szev82gh","chunk_label":"unnamed-chunk-3","document_id":"B546FEC1","expansion_state":0,"options":{"engine":"r","label":"unnamed-chunk-3"},"row":56,"row_count":1,"visible":true},{"chunk_id":"cahdty03nbzxg","chunk_label":"unnamed-chunk-4","document_id":"B546FEC1","expansion_state":0,"options":{"engine":"r","label":"unnamed-chunk-4"},"row":67,"row_count":1,"visible":true},{"chunk_id":"cofbfda03xkg3","chunk_label":"unnamed-chunk-5","document_id":"B546FEC1","expansion_state":0,"options":{"engine":"r","label":"unnamed-chunk-5"},"row":87,"row_count":1,"visible":true},{"chunk_id":"cl08rqe7tl7ew","chunk_label":"unnamed-chunk-6","document_id":"B546FEC1","expansion_state":0,"options":{"engine":"r","label":"unnamed-chunk-6"},"row":105,"row_count":1,"visible":true},{"chunk_id":"cj3ec8d410vyo","chunk_label":"unnamed-chunk-7","document_id":"B546FEC1","expansion_state":0,"options":{"engine":"r","label":"unnamed-chunk-7"},"row":138,"row_count":1,"visible":true},{"chunk_id":"cjmbgcm0aoorw","chunk_label":"unnamed-chunk-8","document_id":"B546FEC1","expansion_state":0,"options":{"engine":"r","label":"unnamed-chunk-8","results":"hide"},"row":153,"row_count":1,"visible":true},{"chunk_id":"c3aj79tkceqjb","chunk_label":"unnamed-chunk-9","document_id":"B546FEC1","expansion_state":0,"options":{"engine":"r","label":"unnamed-chunk-9"},"row":167,"row_count":1,"visible":true},{"chunk_id":"cnxe4rv4fl5nc","chunk_label":"unnamed-chunk-10","document_id":"B546FEC1","expansion_state":0,"options":{"engine":"r","label":"unnamed-chunk-10"},"row":196,"row_count":1,"visible":true},{"chunk_id":"c12iejpvpvm7d","chunk_label":"unnamed-chunk-11","document_id":"B546FEC1","expansion_state":0,"options":{"engine":"r","label":"unnamed-chunk-11"},"row":206,"row_count":1,"visible":true},{"chunk_id":"cdgpbzk1iq844","chunk_label":"unnamed-chunk-12","document_id":"B546FEC1","expansion_state":0,"options":{"engine":"r","label":"unnamed-chunk-12","results":"hide"},"row":220,"row_count":1,"visible":true},{"chunk_id":"c4o89zhthpij4","chunk_label":"unnamed-chunk-13","document_id":"B546FEC1","expansion_state":0,"options":{"engine":"r","label":"unnamed-chunk-13"},"row":227,"row_count":1,"visible":true},{"chunk_id":"c2yhoql0ohc24","chunk_label":"unnamed-chunk-14","document_id":"B546FEC1","expansion_state":0,"options":{"engine":"r","label":"unnamed-chunk-14"},"row":242,"row_count":1,"visible":true}],"chunk_rendered_width":700,"doc_write_time":1573322475}