{"chunk_definitions":[{"chunk_id":"cqe4wrfmiwo4p","chunk_label":"unnamed-chunk-1","document_id":"78913B4F","expansion_state":0,"options":{"engine":"r","label":"unnamed-chunk-2"},"row":17,"row_count":1,"visible":true},{"chunk_id":"c8zaswete88jf","chunk_label":"unnamed-chunk-2","document_id":"78913B4F","expansion_state":0,"options":{"engine":"r","label":"unnamed-chunk-3"},"row":31,"row_count":1,"visible":true},{"chunk_id":"cge2ic8ep4033","chunk_label":"unnamed-chunk-3","document_id":"78913B4F","expansion_state":0,"options":{"engine":"r","label":"unnamed-chunk-3"},"row":47,"row_count":1,"visible":true}],"doc_write_time":1568938838}