"0","Probe_VKORC1<-"
"0","  Narrow%>%"
"0","  filter(Probe == ""VKORC1"")"
"0","Stats<-"
"0","  Probe_VKORC1%>%"
"0","  group_by(tissue)%>%"
"0","  summarise(mn_expr = exp(mean(expression,na.rm=TRUE)))"
"0","Stats <-  "
"0","  Stats %>%  "
"0","  mutate(tissue = reorder(tissue, mn_expr)) "
"0","Stats <-"
"0","  Probe_VKORC1 %>%"
"0","  group_by(tissue) %>%"
"0","  summarise(mn_expr = mean(expression,  na.rm = TRUE),"
"0","            se = sd(expression, na.rm = TRUE) / sqrt(n())) "
"0","Stats <- "
"0","  Stats %>%"
"0","  mutate(top = mn_expr + 2 * se,"
"0","         bottom = mn_expr - 2 * se) "
"0","Stats %>%"
"0","  ggplot(aes(x = tissue, y = exp(mn_expr))) +"
"0","  geom_point(data = Probe_VKORC1, aes(x=tissue, y=exp(expression)))+"
"0","  geom_errorbar(aes(x = tissue, "
"0","                    ymax = exp(top), "
"0","                    ymin =exp(bottom)), width=0.5) +"
"0","  theme(axis.text.x = element_text(angle = 30, hjust=1))"
