"0","data(""CPS85"")"
"0","glimpse(CPS85)"
"1","Observations: 534
"
"1","Variables: 11
"
"1","$ wage     [3m[38;5;246m<dbl>[39m[23m 9.00, 5.50, 3.80, 10.50, 15.00, 9.00, 9.57, 15.00, 11.00, 5.00, 24.98, 20…
"
"1",""
"1","$ educ     [3m[38;5;246m<int>[39m[23m 10, 12, 12, 12, 12, 16, 12, 14, 8, 12, 17, 17, 14, 14, 12, 14, 16, 16, 13…
"
"1",""
"1","$ race     [3m[38;5;246m<fct>[39m[23m W, W, W, W, W, W, W, W, W, W, W, W, W, W, W, W, W, NW, NW, W, NW, NW, W, …
"
"1",""
"1","$ sex      [3m[38;5;246m<fct>[39m[23m M, M, F, F, M, F, F, M, M, F, M, M, M, M, M, M, M, M, M, M, F, M, F, F, M…
"
"1",""
"1","$ hispanic [3m[38;5;246m<fct>[39m[23m NH, NH, NH, NH, NH, NH, NH, NH, NH, NH, Hisp, NH, Hisp, NH, NH, Hisp, His…
"
"1",""
"1","$ south    [3m[38;5;246m<fct>[39m[23m NS, NS, NS, NS, NS, NS, NS, NS, NS, NS, NS, NS, NS, NS, NS, NS, NS, NS, N…
"
"1",""
"1","$ married  [3m[38;5;246m<fct>[39m[23m Married, Married, Single, Married, Married, Married, Married, Single, Mar…
"
"1",""
"1","$ exper    [3m[38;5;246m<int>[39m[23m 27, 20, 4, 29, 40, 27, 5, 22, 42, 14, 18, 3, 4, 14, 35, 0, 7, 26, 3, 16, …
"
"1",""
"1","$ union    [3m[38;5;246m<fct>[39m[23m Not, Not, Not, Not, Union, Not, Union, Not, Not, Not, Not, Not, Union, No…
"
"1",""
"1","$ age      [3m[38;5;246m<int>[39m[23m 43, 38, 22, 47, 58, 49, 23, 42, 56, 32, 41, 26, 24, 34, 53, 20, 29, 48, 2…
"
"1",""
"1","$ sector   [3m[38;5;246m<fct>[39m[23m const, sales, sales, clerical, const, clerical, service, sales, manuf, sa…
"
"0","the_frame2<-"
"0","  ggplot(data = CPS85, aes(x = age, y = wage))+"
"0","  geom_point()+"
"0","  facet_grid(sex~married)"
"0","the_frame2"
