{"chunk_definitions":[{"chunk_id":"crsbr4tae8dkm","chunk_label":"unnamed-chunk-1","document_id":"B546FEC1","expansion_state":0,"options":{"engine":"r","label":"unnamed-chunk-1"},"row":24,"row_count":1,"visible":true},{"chunk_id":"ccydez6qp88ov","chunk_label":"unnamed-chunk-2","document_id":"B546FEC1","expansion_state":0,"options":{"engine":"r","label":"unnamed-chunk-2"},"row":45,"row_count":1,"visible":true},{"chunk_id":"c06d4szev82gh","chunk_label":"unnamed-chunk-3","document_id":"B546FEC1","expansion_state":0,"options":{"engine":"r","label":"unnamed-chunk-3"},"row":56,"row_count":1,"visible":true},{"chunk_id":"cahdty03nbzxg","chunk_label":"unnamed-chunk-4","document_id":"B546FEC1","expansion_state":0,"options":{"engine":"r","label":"unnamed-chunk-4"},"row":67,"row_count":1,"visible":true},{"chunk_id":"cofbfda03xkg3","chunk_label":"unnamed-chunk-5","document_id":"B546FEC1","expansion_state":0,"options":{"engine":"r","label":"unnamed-chunk-5"},"row":87,"row_count":1,"visible":true},{"chunk_id":"cl08rqe7tl7ew","chunk_label":"unnamed-chunk-6","document_id":"B546FEC1","expansion_state":0,"options":{"engine":"r","label":"unnamed-chunk-6"},"row":105,"row_count":1,"visible":true},{"chunk_id":"cj3ec8d410vyo","chunk_label":"unnamed-chunk-7","document_id":"B546FEC1","expansion_state":0,"options":{"engine":"r","label":"unnamed-chunk-7"},"row":119,"row_count":1,"visible":true},{"chunk_id":"cjmbgcm0aoorw","chunk_label":"unnamed-chunk-8","document_id":"B546FEC1","expansion_state":0,"options":{"engine":"r","label":"unnamed-chunk-1","message":true,"warning":true},"row":145,"row_count":1,"visible":true},{"chunk_id":"c9dttd087x6v0","chunk_label":"unnamed-chunk-9","document_id":"B546FEC1","expansion_state":0,"options":{"engine":"r","label":"unnamed-chunk-9","message":false},"row":174,"row_count":1,"visible":true},{"chunk_id":"cj95emixxyq7c","chunk_label":"unnamed-chunk-10","document_id":"B546FEC1","expansion_state":0,"options":{"engine":"r","label":"unnamed-chunk-10"},"row":184,"row_count":1,"visible":true},{"chunk_id":"cot35lx5e354b","chunk_label":"unnamed-chunk-11","document_id":"B546FEC1","expansion_state":0,"options":{"echo":false,"engine":"r","label":"unnamed-chunk-11","message":false,"warning":false},"row":204,"row_count":1,"visible":true},{"chunk_id":"c459dto2sfoqb","chunk_label":"unnamed-chunk-12","document_id":"B546FEC1","expansion_state":0,"options":{"engine":"r","label":"unnamed-chunk-12"},"row":219,"row_count":1,"visible":true}],"doc_write_time":1573259662}