"0","highR2<-"
"0","  Actual%>%"
"0","  filter(Probe == ""A_23_P61317"")"
"0","Probe_A_23_P61317<-"
"0","  Narrow%>%"
"0","  inner_join(highR2)"
"2","Joining, by = ""Probe""
"
"0","Summary<-"
"0","  Probe_A_23_P61317%>%"
"0","  group_by(tissue)%>%"
"0","  summarise(mn_expr = exp(mean(expression,na.rm=TRUE)))"
"0","Summary<-  "
"0","  Summary %>%  "
"0","  mutate(tissue = reorder(tissue, mn_expr)) "
"0","Summary<-"
"0","  Probe_A_23_P61317 %>%"
"0","  group_by(tissue) %>%"
"0","  summarise(mn_expr = mean(expression,  na.rm = TRUE),"
"0","            se = sd(expression, na.rm = TRUE) / sqrt(n())) "
"0","Summary <- "
"0","  Summary %>%"
"0","  mutate(top = mn_expr + 2 * se,"
"0","         bottom = mn_expr - 2 * se) "
