"0","Japan <-"
"0","  tableList[22] %>%"
"0","  filter(row_number() > 1) %>%"
"0","  rename(name = Name, "
"0","         reactor = `UnitNo.`,"
"0","         model = Reactor,"
"0","         status = Status, "
"0","         netMW = `Capacity in MW`,"
"0","         construction = `Construction start`,"
"0","         operation = `Commercial operation`, "
"0","         closure = Closure)"
"2","Error in UseMethod(""filter_"") : 
  no applicable method for 'filter_' applied to an object of class ""list""
"
