{"chunk_definitions":[{"chunk_id":"ctjpffhlqcz2t","chunk_label":"unnamed-chunk-1","document_id":"5CDB84DD","expansion_state":0,"options":{"engine":"r","label":"unnamed-chunk-2"},"row":16,"row_count":1,"visible":true},{"chunk_id":"cgsz892wrqauj","chunk_label":"unnamed-chunk-2","document_id":"5CDB84DD","expansion_state":0,"options":{"engine":"r","label":"unnamed-chunk-3"},"row":23,"row_count":1,"visible":true},{"chunk_id":"cnejhwvmvn660","chunk_label":"unnamed-chunk-3","document_id":"5CDB84DD","expansion_state":0,"options":{"engine":"r","label":"unnamed-chunk-4"},"row":33,"row_count":1,"visible":true},{"chunk_id":"c46xml8v3gjxg","chunk_label":"unnamed-chunk-4","document_id":"5CDB84DD","expansion_state":0,"options":{"engine":"r","label":"unnamed-chunk-5"},"row":36,"row_count":1,"visible":true},{"chunk_id":"cz5xaym64wv7k","chunk_label":"unnamed-chunk-5","document_id":"5CDB84DD","expansion_state":0,"options":{"engine":"r","label":"unnamed-chunk-6"},"row":39,"row_count":1,"visible":true},{"chunk_id":"c3yrhhf292px2","chunk_label":"unnamed-chunk-6","document_id":"5CDB84DD","expansion_state":0,"options":{"engine":"r","label":"unnamed-chunk-7"},"row":68,"row_count":1,"visible":true}],"doc_write_time":1570305324}