{"chunk_definitions":[{"chunk_id":"crv5qv0089cxe","chunk_label":"unnamed-chunk-1","document_id":"580EFCBE","expansion_state":0,"options":{"engine":"r","label":"unnamed-chunk-3"},"row":21,"row_count":1,"visible":true},{"chunk_id":"cy4zib69ryeg8","chunk_label":"unnamed-chunk-2","document_id":"580EFCBE","expansion_state":0,"options":{"engine":"r","label":"unnamed-chunk-1"},"row":63,"row_count":1,"visible":true},{"chunk_id":"cs82gq3rostjo","chunk_label":"unnamed-chunk-3","document_id":"580EFCBE","expansion_state":0,"options":{"engine":"r","label":"unnamed-chunk-5"},"row":77,"row_count":1,"visible":true}],"doc_write_time":1572378188}