{"chunk_definitions":[{"chunk_id":"cij8kduny7mod","expansion_state":0,"options":[],"row":23,"row_count":1,"visible":true},{"chunk_id":"cadmkhh6vsdpn","expansion_state":0,"options":[],"row":46,"row_count":1,"visible":true},{"chunk_id":"cowbp6p6g1c2p","expansion_state":0,"options":[],"row":55,"row_count":1,"visible":true},{"chunk_id":"c86uwu69f7hyd","expansion_state":0,"options":[],"row":64,"row_count":1,"visible":true},{"chunk_id":"cq3qdttd97rkq","expansion_state":0,"options":[],"row":83,"row_count":1,"visible":true},{"chunk_id":"cwdk802v73o7k","expansion_state":0,"options":[],"row":98,"row_count":1,"visible":true},{"chunk_id":"cep71n6y33hag","expansion_state":0,"options":[],"row":106,"row_count":1,"visible":true},{"chunk_id":"ckdsaco4vd6fl","expansion_state":0,"options":[],"row":115,"row_count":1,"visible":true},{"chunk_id":"c7pb4li9k2a7v","expansion_state":0,"options":[],"row":123,"row_count":1,"visible":true},{"chunk_id":"c35p5tv661m4h","expansion_state":0,"options":[],"row":131,"row_count":1,"visible":true},{"chunk_id":"ch5adklis6xll","expansion_state":0,"options":[],"row":142,"row_count":1,"visible":true},{"chunk_id":"cb9yc1wh6w5lk","expansion_state":0,"options":[],"row":149,"row_count":1,"visible":true},{"chunk_id":"cex73o0fx98rn","expansion_state":0,"options":[],"row":158,"row_count":1,"visible":true},{"chunk_id":"cjw9chb0upzxs","expansion_state":0,"options":[],"row":168,"row_count":1,"visible":true},{"chunk_id":"cpazq3ntl0ubf","expansion_state":0,"options":[],"row":181,"row_count":1,"visible":true},{"chunk_id":"cst335qhi1b17","expansion_state":0,"options":[],"row":195,"row_count":1,"visible":true},{"chunk_id":"cxxfgynq58dkh","expansion_state":0,"options":[],"row":207,"row_count":1,"visible":true},{"chunk_id":"coj8tvro0iqid","expansion_state":0,"options":[],"row":220,"row_count":1,"visible":true},{"chunk_id":"c0ih0lj7tovy6","expansion_state":0,"options":[],"row":236,"row_count":1,"visible":true},{"chunk_id":"ci60rt1tuneze","expansion_state":0,"options":[],"row":245,"row_count":1,"visible":true}],"doc_write_time":1571992196.76225}
