{"chunk_definitions":[{"chunk_id":"c1iv5tfk7z7i9","expansion_state":0,"options":[],"row":23,"row_count":1,"visible":true},{"chunk_id":"cj6o1iv55xml0","expansion_state":0,"options":[],"row":46,"row_count":1,"visible":true},{"chunk_id":"csj3799r57e89","expansion_state":0,"options":[],"row":55,"row_count":1,"visible":true},{"chunk_id":"c19rp91ivtsx5","expansion_state":0,"options":[],"row":64,"row_count":1,"visible":true},{"chunk_id":"c649iwdaccts3","expansion_state":0,"options":[],"row":83,"row_count":1,"visible":true},{"chunk_id":"czr8fe9snvj4m","expansion_state":0,"options":[],"row":98,"row_count":1,"visible":true},{"chunk_id":"c9g11hwhwjy4o","expansion_state":0,"options":[],"row":106,"row_count":1,"visible":true},{"chunk_id":"cd6v4x9y51vwr","expansion_state":0,"options":[],"row":115,"row_count":1,"visible":true},{"chunk_id":"cisicameiu8r2","expansion_state":0,"options":[],"row":123,"row_count":1,"visible":true},{"chunk_id":"cyatdh9ierj5t","expansion_state":0,"options":[],"row":131,"row_count":1,"visible":true},{"chunk_id":"ct4xez6pnszwe","expansion_state":0,"options":[],"row":142,"row_count":1,"visible":true},{"chunk_id":"ccyoe46rcaa2u","expansion_state":0,"options":[],"row":149,"row_count":1,"visible":true},{"chunk_id":"cncubek3d1w57","expansion_state":0,"options":[],"row":158,"row_count":1,"visible":true},{"chunk_id":"ccz95bovovuw6","expansion_state":0,"options":[],"row":168,"row_count":1,"visible":true},{"chunk_id":"czslr90qip6w6","expansion_state":0,"options":[],"row":181,"row_count":1,"visible":true},{"chunk_id":"cmtm5vpiva8et","expansion_state":0,"options":[],"row":194,"row_count":1,"visible":true},{"chunk_id":"cwbuwdj8uhj6l","expansion_state":0,"options":[],"row":206,"row_count":1,"visible":true},{"chunk_id":"crwah07v2k27j","expansion_state":0,"options":[],"row":219,"row_count":1,"visible":true},{"chunk_id":"cnwz47ztyy1dn","expansion_state":0,"options":[],"row":235,"row_count":1,"visible":true},{"chunk_id":"cdq365967cdwh","expansion_state":0,"options":[],"row":244,"row_count":1,"visible":true}],"chunk_rendered_width":689,"doc_write_time":1571791446.442780}