{"chunk_definitions":[{"chunk_id":"cvcdukg2uhfce","expansion_state":0,"options":[],"row":24,"row_count":1,"visible":true},{"chunk_id":"cnq3nw0581xgw","expansion_state":0,"options":[],"row":45,"row_count":1,"visible":true},{"chunk_id":"c9bdrrvcaokl6","expansion_state":0,"options":[],"row":56,"row_count":1,"visible":true},{"chunk_id":"cwoib4t2ywds8","expansion_state":0,"options":[],"row":67,"row_count":1,"visible":true},{"chunk_id":"cmfs0krzljqyz","expansion_state":0,"options":[],"row":87,"row_count":1,"visible":true},{"chunk_id":"czqhar0wy9uii","expansion_state":0,"options":[],"row":105,"row_count":1,"visible":true},{"chunk_id":"c6k9klrgv7ivy","expansion_state":0,"options":[],"row":138,"row_count":1,"visible":true},{"chunk_id":"cccm5yzbx9jzy","expansion_state":0,"options":[],"row":153,"row_count":1,"visible":true},{"chunk_id":"csb6n26x4cc3y","expansion_state":0,"options":[],"row":167,"row_count":1,"visible":true},{"chunk_id":"cl48r3zwqqoex","expansion_state":0,"options":[],"row":196,"row_count":1,"visible":true},{"chunk_id":"cwafdqmzpo63p","expansion_state":0,"options":[],"row":206,"row_count":1,"visible":true},{"chunk_id":"cpp1k00pn7xde","expansion_state":0,"options":[],"row":220,"row_count":1,"visible":true},{"chunk_id":"ciefdvpdcbbzt","expansion_state":0,"options":[],"row":227,"row_count":1,"visible":true},{"chunk_id":"c7e0xsddiw6p1","expansion_state":0,"options":[],"row":242,"row_count":1,"visible":true}],"doc_write_time":1573322849.01309}
