{"chunk_definitions":[{"chunk_id":"crsbr4tae8dkm","chunk_label":"unnamed-chunk-1","document_id":"B546FEC1","expansion_state":0,"options":{"engine":"r","label":"unnamed-chunk-1"},"row":24,"row_count":1,"visible":true},{"chunk_id":"ccydez6qp88ov","chunk_label":"unnamed-chunk-2","document_id":"B546FEC1","expansion_state":0,"options":{"engine":"r","label":"unnamed-chunk-2"},"row":45,"row_count":1,"visible":true},{"chunk_id":"c06d4szev82gh","chunk_label":"unnamed-chunk-3","document_id":"B546FEC1","expansion_state":0,"options":{"engine":"r","label":"unnamed-chunk-3"},"row":56,"row_count":1,"visible":true},{"chunk_id":"cahdty03nbzxg","chunk_label":"unnamed-chunk-4","document_id":"B546FEC1","expansion_state":0,"options":{"engine":"r","label":"unnamed-chunk-2"},"row":65,"row_count":1,"visible":true},{"chunk_id":"cofbfda03xkg3","chunk_label":"unnamed-chunk-5","document_id":"B546FEC1","expansion_state":0,"options":{"engine":"r","label":"unnamed-chunk-1"},"row":83,"row_count":1,"visible":true},{"chunk_id":"cl08rqe7tl7ew","chunk_label":"unnamed-chunk-6","document_id":"B546FEC1","expansion_state":0,"options":{"engine":"r","label":"unnamed-chunk-1"},"row":101,"row_count":1,"visible":true}],"doc_write_time":1573095468}