{"chunk_definitions":[{"chunk_id":"cwytred8y9ch4","chunk_label":"unnamed-chunk-1","document_id":"6738B332","expansion_state":0,"options":{"engine":"r","label":"unnamed-chunk-1"},"row":65,"row_count":1,"visible":true},{"chunk_id":"cazsmsxak65qi","chunk_label":"unnamed-chunk-2","document_id":"6738B332","expansion_state":0,"options":{"engine":"r","label":"unnamed-chunk-2","results":"hide"},"row":74,"row_count":1,"visible":true},{"chunk_id":"c203gxelovs7v","chunk_label":"unnamed-chunk-3","document_id":"6738B332","expansion_state":0,"options":{"engine":"r","label":"unnamed-chunk-3"},"row":85,"row_count":1,"visible":true},{"chunk_id":"ckkpd9n3wktxg","chunk_label":"unnamed-chunk-4","document_id":"6738B332","expansion_state":0,"options":{"engine":"r","label":"unnamed-chunk-4"},"row":100,"row_count":1,"visible":true},{"chunk_id":"cdip8xcwqt54u","chunk_label":"unnamed-chunk-5","document_id":"6738B332","expansion_state":0,"options":{"engine":"r","label":"unnamed-chunk-5"},"row":113,"row_count":1,"visible":true},{"chunk_id":"c3za40mok6wkn","chunk_label":"unnamed-chunk-6","document_id":"6738B332","expansion_state":0,"options":{"engine":"r","label":"unnamed-chunk-6"},"row":125,"row_count":1,"visible":true},{"chunk_id":"c7illcizh9c13","chunk_label":"unnamed-chunk-7","document_id":"6738B332","expansion_state":0,"options":{"engine":"r","label":"unnamed-chunk-7"},"row":139,"row_count":1,"visible":true},{"chunk_id":"cfr8014o3tcmt","chunk_label":"unnamed-chunk-8","document_id":"6738B332","expansion_state":0,"options":{"engine":"r","label":"unnamed-chunk-8"},"row":144,"row_count":1,"visible":true},{"chunk_id":"c6xh0ti1i25vi","chunk_label":"unnamed-chunk-9","document_id":"6738B332","expansion_state":0,"options":{"engine":"r","label":"unnamed-chunk-9"},"row":157,"row_count":1,"visible":true},{"chunk_id":"cwubmkuq7wjlz","chunk_label":"unnamed-chunk-10","document_id":"6738B332","expansion_state":0,"options":{"engine":"r","label":"unnamed-chunk-10"},"row":170,"row_count":1,"visible":true}],"doc_write_time":1576443968}