{"chunk_definitions":[{"chunk_id":"cdnfchan2c1nw","expansion_state":0,"options":[],"row":17,"row_count":1,"visible":true},{"chunk_id":"cvxb4qs52qswt","expansion_state":0,"options":[],"row":28,"row_count":1,"visible":true},{"chunk_id":"clopp0xkb2hx8","expansion_state":0,"options":[],"row":59,"row_count":1,"visible":true},{"chunk_id":"cpeiet3thegnp","expansion_state":0,"options":[],"row":68,"row_count":1,"visible":true},{"chunk_id":"cm72mkrm8dp3u","expansion_state":0,"options":[],"row":104,"row_count":1,"visible":true},{"chunk_id":"croimim6bnt17","expansion_state":0,"options":[],"row":118,"row_count":1,"visible":true}],"doc_write_time":1572826426.01892}
