"0","pattern <- ""(ST|RD|ROAD)""  #this pattern means that the value contains ""ST"" or ""RD"" or ""ROAD"""
"0","LeftOvers <-   # set something to LeftOvers"
"0","  Addresses %>%    # load data from Addresses"
"0","  filter( ! grepl(pattern, address),  #remove all the addresses that contain pattern (""ST"" or ""RD"" or ""ROAD"")"
"0","          ! grepl(""\\sAPT|UNIT\\s[\\d]+$"", address),  "
"0","          # This pattern contains following components (1) \\s: begin with a space,tab,vertical tab, etc (2) APT|UNIT: follow either ""APT"" or ""UNIT"" (3) \\s"" follow with a space,tab,vertical tab, etc (4) [\\d]+$: end with a digit from 0 to 9 at least zero times. Overall, this line means that filter out all the addresses that match any withe space before and after APT or Unit, after that the last character should be a digit from 0 to 9 that shows zero or more times."
"0","          ! grepl("" BOX "", address) #remove all the addresses that contain ""BOX"""
"0","          )"
"0","LeftOvers"
