{"chunk_definitions":[{"chunk_id":"cmlm73dhv1qoo","chunk_label":"unnamed-chunk-1","document_id":"92A240C6","expansion_state":0,"options":{"engine":"r","label":"unnamed-chunk-23"},"row":27,"row_count":1,"visible":true},{"chunk_id":"c26si871u9ceh","chunk_label":"unnamed-chunk-2","document_id":"92A240C6","expansion_state":0,"options":{"engine":"r","label":"unnamed-chunk-22"},"row":46,"row_count":1,"visible":true},{"chunk_id":"cep1okl9urf24","chunk_label":"unnamed-chunk-3","document_id":"92A240C6","expansion_state":0,"options":{"engine":"r","label":"unnamed-chunk-21"},"row":57,"row_count":1,"visible":true},{"chunk_id":"c6b3iwf1gawqp","chunk_label":"unnamed-chunk-4","document_id":"92A240C6","expansion_state":0,"options":{"engine":"r","label":"unnamed-chunk-20"},"row":62,"row_count":1,"visible":true},{"chunk_id":"cq1z38x4d36xl","chunk_label":"unnamed-chunk-5","document_id":"31EEED6F","expansion_state":0,"options":{"engine":"r","label":"unnamed-chunk-19"},"row":82,"row_count":1,"visible":true},{"chunk_id":"c3macy82o56ix","chunk_label":"unnamed-chunk-6","document_id":"31EEED6F","expansion_state":0,"options":{"engine":"r","label":"unnamed-chunk-18"},"row":114,"row_count":1,"visible":true},{"chunk_id":"c40166jp2cuzm","chunk_label":"unnamed-chunk-7","document_id":"31EEED6F","expansion_state":0,"options":{"engine":"r","label":"unnamed-chunk-17"},"row":128,"row_count":1,"visible":true},{"chunk_id":"cg552hq737d9p","chunk_label":"unnamed-chunk-8","document_id":"94A95007","expansion_state":0,"options":{"engine":"r","label":"unnamed-chunk-16"},"row":135,"row_count":1,"visible":true},{"chunk_id":"cn9v5il2c7q7h","chunk_label":"unnamed-chunk-9","document_id":"94A95007","expansion_state":0,"options":{"engine":"r","label":"unnamed-chunk-15"},"row":173,"row_count":1,"visible":true}],"doc_write_time":1570805868}