{"chunk_definitions":[{"chunk_id":"cgj0xmmp6egja","chunk_label":"unnamed-chunk-1","document_id":null,"expansion_state":0,"options":{"engine":"r","label":"unnamed-chunk-1"},"row":21,"row_count":1,"visible":true},{"chunk_id":"cpebvf0a2alni","chunk_label":"unnamed-chunk-2","document_id":null,"expansion_state":0,"options":{"engine":"r","label":"unnamed-chunk-2"},"row":33,"row_count":1,"visible":true},{"chunk_id":"cffyxecrd0hrk","chunk_label":"unnamed-chunk-3","document_id":null,"expansion_state":0,"options":{"engine":"r","label":"unnamed-chunk-3"},"row":55,"row_count":1,"visible":true},{"chunk_id":"cv1mle509zeg5","chunk_label":"unnamed-chunk-4","document_id":null,"expansion_state":0,"options":{"engine":"r","label":"unnamed-chunk-4"},"row":64,"row_count":1,"visible":true},{"chunk_id":"cj0aay1q39nj9","chunk_label":"unnamed-chunk-5","document_id":null,"expansion_state":0,"options":{"engine":"r","label":"unnamed-chunk-5"},"row":75,"row_count":1,"visible":true},{"chunk_id":"cjmy9v9trf7j3","chunk_label":"unnamed-chunk-6","document_id":null,"expansion_state":0,"options":{"engine":"r","label":"unnamed-chunk-6"},"row":86,"row_count":1,"visible":true},{"chunk_id":"ci0mpe8kzy2vk","chunk_label":"unnamed-chunk-7","document_id":null,"expansion_state":0,"options":{"engine":"r","label":"unnamed-chunk-7"},"row":94,"row_count":1,"visible":true}],"doc_write_time":1573440113}