[{"name":"htmlwidgets","version":"1.5.1","src":{"file":"\/usr\/local\/lib\/R\/3.6\/site-library\/htmlwidgets\/www"},"meta":null,"script":"htmlwidgets.js","stylesheet":null,"head":null,"attachment":null,"package":null,"all_files":true},{"name":"jquery","version":"1.12.4","src":{"file":"\/usr\/local\/lib\/R\/3.6\/site-library\/leaflet\/htmlwidgets\/lib\/jquery"},"meta":null,"script":"jquery.min.js","stylesheet":null,"head":null,"attachment":null,"package":null,"all_files":true},{"name":"leaflet","version":"1.3.1","src":{"file":"\/usr\/local\/lib\/R\/3.6\/site-library\/leaflet\/htmlwidgets\/lib\/leaflet"},"meta":null,"script":"leaflet.js","stylesheet":"leaflet.css","head":null,"attachment":null,"package":null,"all_files":true},{"name":"leafletfix","version":"1.0.0","src":{"file":"\/usr\/local\/lib\/R\/3.6\/site-library\/leaflet\/htmlwidgets\/lib\/leafletfix"},"meta":null,"script":null,"stylesheet":"leafletfix.css","head":null,"attachment":null,"package":null,"all_files":true},{"name":"Proj4Leaflet","version":"1.0.1","src":{"file":"\/usr\/local\/lib\/R\/3.6\/site-library\/leaflet\/htmlwidgets\/plugins\/Proj4Leaflet"},"meta":null,"script":["proj4-compressed.js","proj4leaflet.js"],"stylesheet":null,"head":null,"attachment":null,"package":null,"all_files":true},{"name":"rstudio_leaflet","version":"1.3.1","src":{"file":"\/usr\/local\/lib\/R\/3.6\/site-library\/leaflet\/htmlwidgets\/lib\/rstudio_leaflet"},"meta":null,"script":null,"stylesheet":"rstudio_leaflet.css","head":null,"attachment":null,"package":null,"all_files":true},{"name":"leaflet-binding","version":"2.0.2","src":{"file":"\/usr\/local\/lib\/R\/3.6\/site-library\/leaflet\/htmlwidgets"},"meta":null,"script":"leaflet.js","stylesheet":null,"head":null,"attachment":null,"package":null,"all_files":false}]
