{"chunk_definitions":[{"chunk_id":"c2135axk6d8po","chunk_label":"unnamed-chunk-1","document_id":"580E3D46","expansion_state":0,"options":{"engine":"r","label":"unnamed-chunk-1"},"row":23,"row_count":1,"visible":true},{"chunk_id":"cyrb32yz7lll2","chunk_label":"unnamed-chunk-2","document_id":"580E3D46","expansion_state":0,"options":{"engine":"r","label":"unnamed-chunk-2"},"row":46,"row_count":1,"visible":true},{"chunk_id":"cn7c8sxu88uuv","chunk_label":"unnamed-chunk-3","document_id":"580E3D46","expansion_state":0,"options":{"engine":"r","label":"unnamed-chunk-3"},"row":55,"row_count":1,"visible":true},{"chunk_id":"coqixxcvectpb","chunk_label":"unnamed-chunk-4","document_id":"580E3D46","expansion_state":0,"options":{"engine":"r","label":"unnamed-chunk-4"},"row":64,"row_count":1,"visible":true},{"chunk_id":"c2kf0kvw4kych","chunk_label":"unnamed-chunk-5","document_id":"580E3D46","expansion_state":0,"options":{"engine":"r","label":"unnamed-chunk-5"},"row":83,"row_count":1,"visible":true},{"chunk_id":"c6sq0klz7jvkz","chunk_label":"unnamed-chunk-6","document_id":"580E3D46","expansion_state":0,"options":{"engine":"r","label":"unnamed-chunk-6"},"row":98,"row_count":1,"visible":true},{"chunk_id":"cfcvb5p8ohzd3","chunk_label":"unnamed-chunk-7","document_id":"580E3D46","expansion_state":0,"options":{"engine":"r","label":"unnamed-chunk-7"},"row":106,"row_count":1,"visible":true},{"chunk_id":"cufr82ojv266b","chunk_label":"unnamed-chunk-8","document_id":"580E3D46","expansion_state":0,"options":{"engine":"r","label":"unnamed-chunk-8"},"row":115,"row_count":1,"visible":true},{"chunk_id":"cd5cfm0jdbsjm","chunk_label":"unnamed-chunk-9","document_id":"580E3D46","expansion_state":0,"options":{"engine":"r","label":"unnamed-chunk-9"},"row":123,"row_count":1,"visible":true},{"chunk_id":"cj45j4y4me2g5","chunk_label":"unnamed-chunk-10","document_id":"580E3D46","expansion_state":0,"options":{"engine":"r","label":"unnamed-chunk-10"},"row":131,"row_count":1,"visible":true},{"chunk_id":"ccbo0eoxvakld","chunk_label":"unnamed-chunk-11","document_id":"580E3D46","expansion_state":0,"options":{"engine":"r","label":"unnamed-chunk-11"},"row":142,"row_count":1,"visible":true},{"chunk_id":"cneffpwkzo743","chunk_label":"unnamed-chunk-12","document_id":"580E3D46","expansion_state":0,"options":{"engine":"r","label":"unnamed-chunk-12"},"row":149,"row_count":1,"visible":true},{"chunk_id":"c0bljack9g7ov","chunk_label":"unnamed-chunk-13","document_id":"580E3D46","expansion_state":0,"options":{"engine":"r","label":"unnamed-chunk-1"},"row":158,"row_count":1,"visible":true},{"chunk_id":"crttbz9bhcgn8","chunk_label":"unnamed-chunk-14","document_id":"580E3D46","expansion_state":0,"options":{"engine":"r","label":"unnamed-chunk-14"},"row":168,"row_count":1,"visible":true},{"chunk_id":"corzmu9eefu6v","chunk_label":"unnamed-chunk-15","document_id":"580E3D46","expansion_state":0,"options":{"engine":"r","label":"unnamed-chunk-15"},"row":181,"row_count":1,"visible":true},{"chunk_id":"cvjdqyp72cqqo","chunk_label":"unnamed-chunk-16","document_id":"580E3D46","expansion_state":0,"options":{"engine":"r","label":"unnamed-chunk-28"},"row":195,"row_count":1,"visible":true},{"chunk_id":"clx1da7c0md7c","chunk_label":"unnamed-chunk-17","document_id":"580E3D46","expansion_state":0,"options":{"engine":"r","label":"unnamed-chunk-17"},"row":207,"row_count":1,"visible":true},{"chunk_id":"cofwoqz47wfob","chunk_label":"unnamed-chunk-18","document_id":"580E3D46","expansion_state":0,"options":{"engine":"r","label":"unnamed-chunk-18"},"row":220,"row_count":1,"visible":true},{"chunk_id":"cjm84otmr6k57","chunk_label":"unnamed-chunk-19","document_id":"74DB75C6","expansion_state":0,"options":{"engine":"r","label":"unnamed-chunk-19"},"row":236,"row_count":1,"visible":true},{"chunk_id":"ct3wf81tbydap","chunk_label":"unnamed-chunk-20","document_id":"74DB75C6","expansion_state":0,"options":{"engine":"r","label":"unnamed-chunk-20"},"row":245,"row_count":1,"visible":true}],"doc_write_time":1571992181}