{"chunk_definitions":[{"chunk_id":"cr05bihhnug39","expansion_state":0,"options":[],"row":24,"row_count":1,"visible":true},{"chunk_id":"cfl3ifls3ic46","expansion_state":0,"options":[],"row":45,"row_count":1,"visible":true},{"chunk_id":"ccdm7w9txdx1q","expansion_state":0,"options":[],"row":56,"row_count":1,"visible":true},{"chunk_id":"c60slnqf6k766","expansion_state":0,"options":[],"row":67,"row_count":1,"visible":true},{"chunk_id":"c19u0xsatkl7i","expansion_state":0,"options":[],"row":87,"row_count":1,"visible":true},{"chunk_id":"c0q5723oxdr47","expansion_state":0,"options":[],"row":105,"row_count":1,"visible":true},{"chunk_id":"cey1trvp4jga5","expansion_state":0,"options":[],"row":138,"row_count":1,"visible":true},{"chunk_id":"cuqvu0j2v2rey","expansion_state":0,"options":[],"row":153,"row_count":1,"visible":true},{"chunk_id":"cfzt2w98uiwl0","expansion_state":0,"options":[],"row":167,"row_count":1,"visible":true},{"chunk_id":"cvrps7jhap4n6","expansion_state":0,"options":[],"row":196,"row_count":1,"visible":true},{"chunk_id":"c53u7qnbzfhg7","expansion_state":0,"options":[],"row":206,"row_count":1,"visible":true},{"chunk_id":"c3kzg5ul7ztj2","expansion_state":0,"options":[],"row":220,"row_count":1,"visible":true},{"chunk_id":"cjq9zhz7pgqpq","expansion_state":0,"options":[],"row":227,"row_count":1,"visible":true},{"chunk_id":"cdc1ruhn7y002","expansion_state":0,"options":[],"row":242,"row_count":1,"visible":true}],"doc_write_time":1573322601.5597}
