{"chunk_definitions":[{"chunk_id":"cfk8uc4r7m5sb","chunk_label":"unnamed-chunk-1","document_id":"5ABB995F","expansion_state":0,"options":{"engine":"r","label":"unnamed-chunk-2"},"row":17,"row_count":1,"visible":true},{"chunk_id":"c6nddxf8cnrt6","chunk_label":"unnamed-chunk-2","document_id":"5ABB995F","expansion_state":0,"options":{"engine":"r","label":"unnamed-chunk-3"},"row":28,"row_count":1,"visible":true},{"chunk_id":"czd3vjfjy6m49","chunk_label":"unnamed-chunk-3","document_id":"5ABB995F","expansion_state":0,"options":{"engine":"r","label":"unnamed-chunk-6"},"row":59,"row_count":1,"visible":true},{"chunk_id":"ccr265lubn3q2","chunk_label":"unnamed-chunk-4","document_id":"5ABB995F","expansion_state":0,"options":{"engine":"r","label":"unnamed-chunk-8"},"row":68,"row_count":1,"visible":true},{"chunk_id":"c7ih9peoadsyl","chunk_label":"unnamed-chunk-5","document_id":"5ABB995F","expansion_state":0,"options":{"engine":"r","label":"unnamed-chunk-10"},"row":104,"row_count":1,"visible":true},{"chunk_id":"c9708mefuf265","chunk_label":"unnamed-chunk-6","document_id":"5ABB995F","expansion_state":0,"options":{"engine":"r","fig.height":4.500000000000000,"fig.width":4.500000000000000,"label":"unnamed-chunk-11"},"row":118,"row_count":1,"visible":true}],"doc_write_time":1572825457}