{"chunk_definitions":[{"chunk_id":"c5fsqurfn1tuj","expansion_state":0,"options":[],"row":16,"row_count":1,"visible":true},{"chunk_id":"cc65qiikhp9fa","expansion_state":0,"options":[],"row":23,"row_count":1,"visible":true},{"chunk_id":"cllkplbsgyune","expansion_state":0,"options":[],"row":33,"row_count":1,"visible":true},{"chunk_id":"ccvtm1d1h8w11","expansion_state":0,"options":[],"row":36,"row_count":1,"visible":true},{"chunk_id":"cebvrrw8t2s6c","expansion_state":0,"options":[],"row":39,"row_count":1,"visible":true},{"chunk_id":"c8xgokkqdvajv","expansion_state":0,"options":[],"row":77,"row_count":1,"visible":true}],"doc_write_time":1570491295}
