"0","Narrow<-"
"0","  NCI60 %>%"
"0","  tidyr::gather(cellLine,expression,-Probe)"
"0","CellTypes<-"
"0","  NCI60cells%>%"
"0","  select(cellLine,tissue)%>%"
"0","  mutate(cellLine = gsub(""\\:"",""."", as.character(cellLine)))"
"0","Narrow<-"
"0","  Narrow%>%"
"0","  inner_join(CellTypes)"
"2","Joining, by = ""cellLine""
"
"0","Probe_TOP3A<-"
"0","  Narrow%>%"
"0","  filter(Probe == ""TOP3A"")"
"0","SummaryStats<-"
"0","  Probe_TOP3A%>%"
"0","  group_by(tissue)%>%"
"0","  summarise(mn_expr = exp(mean(expression,na.rm=TRUE)))"
