{"chunk_definitions":[{"chunk_id":"cdl58t4qsfghn","chunk_label":"unnamed-chunk-1","document_id":null,"expansion_state":0,"options":{"engine":"r","label":"unnamed-chunk-1"},"row":16,"row_count":1,"visible":true},{"chunk_id":"cdjkbo97leogd","chunk_label":"unnamed-chunk-2","document_id":null,"expansion_state":0,"options":{"engine":"r","label":"unnamed-chunk-2"},"row":23,"row_count":1,"visible":true},{"chunk_id":"c3w6ozii5v3cj","chunk_label":"unnamed-chunk-3","document_id":"5CDB84DD","expansion_state":0,"options":{"engine":"r","label":"unnamed-chunk-3"},"row":33,"row_count":1,"visible":true},{"chunk_id":"cxezsohr7vp91","chunk_label":"unnamed-chunk-4","document_id":"5CDB84DD","expansion_state":0,"options":{"engine":"r","label":"unnamed-chunk-5"},"row":36,"row_count":1,"visible":true},{"chunk_id":"cjz277fv86k1c","chunk_label":"unnamed-chunk-5","document_id":"5CDB84DD","expansion_state":0,"options":{"engine":"r","label":"unnamed-chunk-6"},"row":39,"row_count":1,"visible":true}],"doc_write_time":1570045669}