{"chunk_definitions":[{"chunk_id":"c8bzh2rk45se4","chunk_label":"unnamed-chunk-1","document_id":"DBCCBB14","expansion_state":0,"options":{"engine":"r","label":"unnamed-chunk-1"},"row":25,"row_count":1,"visible":true},{"chunk_id":"cvfqg3opf3cqe","chunk_label":"unnamed-chunk-2","document_id":"DBCCBB14","expansion_state":0,"options":{"engine":"r","label":"unnamed-chunk-2"},"row":38,"row_count":1,"visible":true},{"chunk_id":"cqtmmpe50si59","chunk_label":"unnamed-chunk-3","document_id":"DBCCBB14","expansion_state":0,"options":{"engine":"r","label":"unnamed-chunk-3"},"row":56,"row_count":1,"visible":true},{"chunk_id":"cy5lf40rfiwv5","chunk_label":"unnamed-chunk-4","document_id":"DBCCBB14","expansion_state":0,"options":{"engine":"r","label":"unnamed-chunk-4"},"row":69,"row_count":1,"visible":true}],"chunk_rendered_width":700,"doc_write_time":1572545418}