{"chunk_definitions":[{"chunk_id":"cje5smclcex2v","expansion_state":0,"options":[],"row":23,"row_count":1,"visible":true},{"chunk_id":"c1j81u77lyrwd","expansion_state":0,"options":[],"row":46,"row_count":1,"visible":true},{"chunk_id":"cdjwxgu8j7z8e","expansion_state":0,"options":[],"row":55,"row_count":1,"visible":true},{"chunk_id":"c42ijmxt9w3rl","expansion_state":0,"options":[],"row":64,"row_count":1,"visible":true},{"chunk_id":"cmdpirkzcw1jv","expansion_state":0,"options":[],"row":83,"row_count":1,"visible":true},{"chunk_id":"c8jjauix6gp0l","expansion_state":0,"options":[],"row":98,"row_count":1,"visible":true},{"chunk_id":"czv7g9ezjcd0i","expansion_state":0,"options":[],"row":106,"row_count":1,"visible":true},{"chunk_id":"ckg34vdl6d4r3","expansion_state":0,"options":[],"row":115,"row_count":1,"visible":true},{"chunk_id":"cvottlo0m04ga","expansion_state":0,"options":[],"row":123,"row_count":1,"visible":true},{"chunk_id":"cf63cixmwx5er","expansion_state":0,"options":[],"row":131,"row_count":1,"visible":true},{"chunk_id":"cf6lgdgh5t78m","expansion_state":0,"options":[],"row":142,"row_count":1,"visible":true},{"chunk_id":"c8af2khdtswjg","expansion_state":0,"options":[],"row":149,"row_count":1,"visible":true},{"chunk_id":"crpaxj5kvcjvm","expansion_state":0,"options":[],"row":158,"row_count":1,"visible":true},{"chunk_id":"cx1lkv158mu5o","expansion_state":0,"options":[],"row":168,"row_count":1,"visible":true},{"chunk_id":"cw4np7z0bmh91","expansion_state":0,"options":[],"row":181,"row_count":1,"visible":true},{"chunk_id":"cpdsukv5ggzp6","expansion_state":0,"options":[],"row":195,"row_count":1,"visible":true},{"chunk_id":"ctgnb27j7or8f","expansion_state":0,"options":[],"row":207,"row_count":1,"visible":true},{"chunk_id":"cmo641fh6bbfa","expansion_state":0,"options":[],"row":220,"row_count":1,"visible":true},{"chunk_id":"cm8bn14xg2qdc","expansion_state":0,"options":[],"row":236,"row_count":1,"visible":true},{"chunk_id":"ciqx0zyq8khmz","expansion_state":0,"options":[],"row":245,"row_count":1,"visible":true}],"doc_write_time":1571992196.76225}
