{"chunk_definitions":[{"chunk_id":"c2rhh8hmuxp8h","chunk_label":"unnamed-chunk-1","document_id":"E82C6F66","expansion_state":0,"options":{"engine":"r","label":"unnamed-chunk-1"},"row":21,"row_count":1,"visible":true},{"chunk_id":"cgqaztgnlige6","chunk_label":"unnamed-chunk-2","document_id":"E82C6F66","expansion_state":0,"options":{"engine":"r","label":"unnamed-chunk-2"},"row":38,"row_count":1,"visible":true},{"chunk_id":"cdtsnzn5eygf5","chunk_label":"unnamed-chunk-3","document_id":"E82C6F66","expansion_state":0,"options":{"engine":"r","label":"unnamed-chunk-3"},"row":49,"row_count":1,"visible":true},{"chunk_id":"c2cpzuwpuy2dj","chunk_label":"unnamed-chunk-4","document_id":"E82C6F66","expansion_state":0,"options":{"engine":"r","label":"unnamed-chunk-4"},"row":77,"row_count":1,"visible":true}],"doc_write_time":1574103030}