{"chunk_definitions":[{"chunk_id":"csetup_chunk","chunk_label":"setup","document_id":"6738B332","expansion_state":0,"options":{"engine":"r","include":false,"label":"setup"},"row":10,"row_count":1,"visible":true},{"chunk_id":"cwytred8y9ch4","chunk_label":"unnamed-chunk-1","document_id":"6738B332","expansion_state":0,"options":{"engine":"r","label":"unnamed-chunk-12"},"row":18,"row_count":1,"visible":true},{"chunk_id":"c7d7rhf9nfbgc","chunk_label":"unnamed-chunk-2","document_id":"6738B332","expansion_state":0,"options":{"engine":"r","label":"unnamed-chunk-13","results":"hide"},"row":27,"row_count":1,"visible":true},{"chunk_id":"cjxu04m8199tc","chunk_label":"unnamed-chunk-3","document_id":"6738B332","expansion_state":0,"options":{"engine":"r","label":"unnamed-chunk-14"},"row":34,"row_count":1,"visible":true},{"chunk_id":"c275t9vbybskv","chunk_label":"unnamed-chunk-4","document_id":"6738B332","expansion_state":0,"options":{"engine":"r","label":"unnamed-chunk-15"},"row":50,"row_count":1,"visible":true},{"chunk_id":"c70ijnxc7ql7k","chunk_label":"unnamed-chunk-5","document_id":"6738B332","expansion_state":0,"options":{"engine":"r","label":"unnamed-chunk-16"},"row":63,"row_count":1,"visible":true},{"chunk_id":"c46ghe7pq0dfc","chunk_label":"unnamed-chunk-6","document_id":"6738B332","expansion_state":0,"options":{"engine":"r","label":"unnamed-chunk-17"},"row":74,"row_count":1,"visible":true},{"chunk_id":"ce3mu23qacz3f","chunk_label":"unnamed-chunk-7","document_id":"6738B332","expansion_state":0,"options":{"engine":"r","label":"unnamed-chunk-18"},"row":88,"row_count":1,"visible":true},{"chunk_id":"cfkt5mbat8yk4","chunk_label":"unnamed-chunk-8","document_id":"6738B332","expansion_state":0,"options":{"engine":"r","label":"unnamed-chunk-22"},"row":94,"row_count":1,"visible":true},{"chunk_id":"c9yke5hbi7e4w","chunk_label":"unnamed-chunk-9","document_id":"6738B332","expansion_state":0,"options":{"engine":"r","label":"unnamed-chunk-20"},"row":106,"row_count":1,"visible":true}],"default_chunk_options":{"echo":true},"doc_write_time":1576249727,"working_dir":null}