"0"," SummaryStats <-  "
"0","      SummaryStats %>%  "
"0","      mutate(tissue = reorder(tissue, mn_expr)) "
"0","SummaryStats <-"
"0","  Probe_TOP3A %>%"
"0","  group_by(tissue) %>%"
"0","  summarise(mn_expr = mean(expression,  na.rm = TRUE),"
"0","            se = sd(expression, na.rm = TRUE) / sqrt(n())) "
"0","SummaryStats %>% "
"0","  ggplot(aes(x = tissue, y = exp(mn_expr))) +"
"0","  geom_bar(stat = ""identity"", fill=""gray"", color=NA) +"
"0","  geom_point(data = Probe_TOP3A, aes(x=tissue, y=exp(expression))) + "
"0","  theme(axis.text.x = element_text(angle = 30, hjust=1))"
