{"chunk_definitions":[{"chunk_id":"ctrj3z2m0wi7n","chunk_label":"unnamed-chunk-1","document_id":"DBCCBB14","expansion_state":0,"options":{"engine":"r","label":"unnamed-chunk-5"},"row":25,"row_count":1,"visible":true},{"chunk_id":"ctduixmkl6puo","chunk_label":"unnamed-chunk-2","document_id":"DBCCBB14","expansion_state":0,"options":{"engine":"r","label":"unnamed-chunk-6"},"row":38,"row_count":1,"visible":true},{"chunk_id":"cgr80eap1uq11","chunk_label":"unnamed-chunk-3","document_id":"DBCCBB14","expansion_state":0,"options":{"engine":"r","label":"unnamed-chunk-1"},"row":61,"row_count":1,"visible":true},{"chunk_id":"cnukxk2j2m34h","chunk_label":"unnamed-chunk-4","document_id":"DBCCBB14","expansion_state":0,"options":{"engine":"r","label":"unnamed-chunk-8"},"row":73,"row_count":1,"visible":true},{"chunk_id":"crgi7c3sxss4e","chunk_label":"unnamed-chunk-5","document_id":"DBCCBB14","expansion_state":0,"options":{"engine":"r","label":"unnamed-chunk-9"},"row":81,"row_count":1,"visible":true},{"chunk_id":"cj6331lj284x4","chunk_label":"unnamed-chunk-6","document_id":"DBCCBB14","expansion_state":0,"options":{"engine":"r","label":"unnamed-chunk-10"},"row":89,"row_count":1,"visible":true},{"chunk_id":"c074om7f09ms6","chunk_label":"unnamed-chunk-7","document_id":"DBCCBB14","expansion_state":0,"options":{"engine":"r","label":"unnamed-chunk-11"},"row":97,"row_count":1,"visible":true},{"chunk_id":"ci8gi7lhe4iet","chunk_label":"unnamed-chunk-8","document_id":"DBCCBB14","expansion_state":0,"options":{"engine":"r","label":"unnamed-chunk-12"},"row":108,"row_count":1,"visible":true},{"chunk_id":"ca4pcv997p0jo","chunk_label":"unnamed-chunk-9","document_id":"DBCCBB14","expansion_state":0,"options":{"engine":"r","label":"unnamed-chunk-13"},"row":117,"row_count":1,"visible":true},{"chunk_id":"c05glgaifvgj3","chunk_label":"unnamed-chunk-10","document_id":"DBCCBB14","expansion_state":0,"options":{"engine":"r","label":"unnamed-chunk-14"},"row":127,"row_count":1,"visible":true},{"chunk_id":"c8yk7ytfdd6im","chunk_label":"unnamed-chunk-11","document_id":"DBCCBB14","expansion_state":0,"options":{"engine":"r","label":"unnamed-chunk-15"},"row":137,"row_count":1,"visible":true},{"chunk_id":"cqxvfhrafumk0","chunk_label":"unnamed-chunk-12","document_id":"DBCCBB14","expansion_state":0,"options":{"engine":"r","label":"unnamed-chunk-16"},"row":147,"row_count":1,"visible":true},{"chunk_id":"cepdy8lbt7nh2","chunk_label":"unnamed-chunk-13","document_id":"DBCCBB14","expansion_state":0,"options":{"engine":"r","label":"unnamed-chunk-17"},"row":157,"row_count":1,"visible":true},{"chunk_id":"cv2kvmqqlfmw9","chunk_label":"unnamed-chunk-14","document_id":"DBCCBB14","expansion_state":0,"options":{"engine":"r","label":"unnamed-chunk-18"},"row":167,"row_count":1,"visible":true},{"chunk_id":"cwazay5ye1ark","chunk_label":"unnamed-chunk-15","document_id":"DBCCBB14","expansion_state":0,"options":{"engine":"r","label":"unnamed-chunk-19"},"row":177,"row_count":1,"visible":true},{"chunk_id":"cnkio5juicmqk","chunk_label":"unnamed-chunk-16","document_id":"DBCCBB14","expansion_state":0,"options":{"engine":"r","label":"unnamed-chunk-20"},"row":187,"row_count":1,"visible":true}],"chunk_rendered_width":700,"doc_write_time":1572990321}