"0","Japan<-tableList[[22]]"
"0","names(Japan)[c(3,7)] <- c(""type"", ""grossMW"")"
"0","Japan <-"
"0","  Japan %>%"
"0","  filter(row_number() > 1) %>%"
"0","  rename(name = Name, "
"0","         reactor = `UnitNo.`,"
"0","         model = Reactor,"
"0","         status = Status, "
"0","         netMW = `Capacity in MW`,"
"0","         construction = `Construction start`,"
"0","         operation = `Commercial operation`, "
"0","         closure = Closure)"
"0","Japan<-"
"0","  Japan%>%"
"0","  mutate(reactor=as.numeric(reactor),"
"0","         netMW=as.numeric(netMW),"
"0","         grossMW=as.numeric(grossMW),"
"0","         construction=lubridate::dmy(construction),"
"0","         operation=lubridate::dmy(operation),"
"0","         closure=lubridate::dmy(closure))"
"2"," 7 failed to parse."
"0","Japan"
