{"chunk_definitions":[{"chunk_id":"cy6jbumfyybiz","chunk_label":"unnamed-chunk-1","document_id":"FEF4822F","expansion_state":0,"options":{"engine":"r","label":"unnamed-chunk-1"},"row":13,"row_count":1,"visible":true},{"chunk_id":"c96sva38sk29b","chunk_label":"unnamed-chunk-2","document_id":"FEF4822F","expansion_state":0,"options":{"engine":"r","label":"unnamed-chunk-2"},"row":182,"row_count":1,"visible":true},{"chunk_id":"cdc0xw8mdeb0i","chunk_label":"unnamed-chunk-3","document_id":"FEF4822F","expansion_state":0,"options":{"engine":"r","label":"unnamed-chunk-3"},"row":215,"row_count":1,"visible":true}],"doc_write_time":1575427766}