{"chunk_definitions":[{"chunk_id":"cbv6xstoqtwvo","chunk_label":"unnamed-chunk-1","document_id":null,"expansion_state":0,"options":{"engine":"r","label":"unnamed-chunk-1"},"row":21,"row_count":1,"visible":true},{"chunk_id":"cwrwjtxcqs3n8","chunk_label":"unnamed-chunk-2","document_id":null,"expansion_state":0,"options":{"engine":"r","label":"unnamed-chunk-2"},"row":33,"row_count":1,"visible":true},{"chunk_id":"c6begj6bd4arn","chunk_label":"unnamed-chunk-3","document_id":null,"expansion_state":0,"options":{"engine":"r","label":"unnamed-chunk-3"},"row":55,"row_count":1,"visible":true},{"chunk_id":"cdg2yqwsynou0","chunk_label":"unnamed-chunk-4","document_id":null,"expansion_state":0,"options":{"engine":"r","label":"unnamed-chunk-1"},"row":64,"row_count":1,"visible":true},{"chunk_id":"cqufkjjgr6ygf","chunk_label":"unnamed-chunk-5","document_id":null,"expansion_state":0,"options":{"engine":"r","label":"unnamed-chunk-2"},"row":74,"row_count":1,"visible":true},{"chunk_id":"cou8pxz8dqe11","chunk_label":"unnamed-chunk-6","document_id":null,"expansion_state":0,"options":{"engine":"r","label":"unnamed-chunk-6"},"row":85,"row_count":1,"visible":true},{"chunk_id":"c9qzetg2k20c3","chunk_label":"unnamed-chunk-7","document_id":null,"expansion_state":0,"options":{"engine":"r","label":"unnamed-chunk-7"},"row":93,"row_count":1,"visible":true}],"doc_write_time":1573436591}