{"chunk_definitions":[{"chunk_id":"c5lgkf3r9xjsg","chunk_label":"unnamed-chunk-1","document_id":"95362CA4","expansion_state":0,"options":{"engine":"r","label":"unnamed-chunk-1"},"row":23,"row_count":1,"visible":true},{"chunk_id":"cyn8clbso0qtd","chunk_label":"unnamed-chunk-2","document_id":"95362CA4","expansion_state":0,"options":{"engine":"r","label":"unnamed-chunk-2"},"row":37,"row_count":1,"visible":true},{"chunk_id":"cuk9v5q0j7lil","chunk_label":"unnamed-chunk-3","document_id":"95362CA4","expansion_state":0,"options":{"engine":"r","label":"unnamed-chunk-3"},"row":52,"row_count":1,"visible":true},{"chunk_id":"cgt9fy9bhdmfr","chunk_label":"unnamed-chunk-4","document_id":"95362CA4","expansion_state":0,"options":{"engine":"r","label":"unnamed-chunk-4"},"row":63,"row_count":1,"visible":true}],"chunk_rendered_width":696,"doc_write_time":1568990328}